{
    "batch size": 128,
    "eval_string": "pq(192, 9)",
    "indexing (s)": 2619.0501656532288,
    "size (GB)": 1.780136225745082,
    "retrieval (s)": 1197.8675632476807,
    "per query (s)": 0.17161426407559896,
    "mrr": 0.32936752399144886
}