{
    "batch size": 128,
    "eval_string": "pq(96, 9)",
    "indexing (s)": 1290.3617897033691,
    "size (GB)": 0.8908005747944117,
    "retrieval (s)": 608.7052211761475,
    "per query (s)": 0.08720705174443373,
    "mrr": 0.302071906126346
}