{
    "batch size": 128,
    "eval_string": "pq(384, 8)",
    "indexing (s)": 3317.7709155082703,
    "size (GB)": 3.1628148164600134,
    "retrieval (s)": 576.9104087352753,
    "per query (s)": 0.08265192102224574,
    "mrr": 0.34226685086642095
}