{
    "batch size": 128,
    "eval_string": "pq(192, 8)",
    "indexing (s)": 1332.0844142436981,
    "size (GB)": 1.5817736592143774,
    "retrieval (s)": 228.4804403781891,
    "per query (s)": 0.03273358744673196,
    "mrr": 0.32860491426752125
}