{
    "batch size": 128,
    "eval_string": "pq(96, 8)",
    "indexing (s)": 820.1625552177429,
    "size (GB)": 0.7912530805915594,
    "retrieval (s)": 106.75433111190796,
    "per query (s)": 0.01529431677821031,
    "mrr": 0.298110986037202
}