{
    "batch size": 128,
    "eval_string": "flat_sq('QT_fp16')",
    "indexing (s)": 40.57719278335571,
    "size (GB)": 12.648329333402216,
    "retrieval (s)": 4010.647510766983,
    "per query (s)": 0.5745913339207712,
    "mrr": 0.34380469140855996
}