{
    "batch size": 128,
    "eval_string": "hnsw(512, 128, 200)",
    "indexing (s)": 10049.8941988945,
    "size (GB)": 59.15765982680023,
    "retrieval (s)": 8.165266990661621,
    "per query (s)": 0.001169809024450089,
    "mrr": 0.3430195683813165
}