{
    "batch size": 128,
    "eval_string": "flat()",
    "indexing (s)": 70.2471981048584,
    "size (GB)": 25.29665855783969,
    "retrieval (s)": 1918.7516865730286,
    "per query (s)": 0.2748927917726402,
    "mrr": 0.34432192886705804
}